,rmse,mae,mape,r2,nasa_score,mean_bias,max_error
LinReg,0.15670672059059143,0.11286067217588425,40798328.0,0.670166015625,2.67227840423584,0.00027266089455224574,0.677284300327301
RF,0.12323304210998533,0.07780054128358643,54120819.33216701,0.7960261556065455,1.816931464050637,-0.007558049351429942,0.6338140526165185
XGBoost,0.10788848996162415,0.06460510194301605,49118912.0,0.8436598777770996,1.5106613636016846,-0.0053525022231042385,0.634919285774231
LightGBM,0.10773916013797526,0.06598926868889128,49626937.05102978,0.8440923900946891,1.5327311990873447,-0.00868682434681217,0.657024562751646
