,rmse,mae,mape,r2,nasa_score,mean_bias,max_error,train_time_s,n_params
CNN1D,0.0889560729265213,0.07750093936920166,3293927.0,0.8698551058769226,3.835660457611084,-0.07679672539234161,0.145278662443161,546.7496993541718,187553.0
BiLSTM,0.005847156513482332,0.004184463061392307,1788934.75,0.999437689781189,0.23044323921203613,-0.0008867271244525909,0.03582167625427246,1922.379768371582,630881.0
TCN,0.024494245648384094,0.02070392295718193,973396.375,0.9901325702667236,1.0280457735061646,-0.01967041566967964,0.05753606557846069,2043.1143610477448,231233.0
Transformer,0.012735409662127495,0.009544065222144127,3144935.5,0.9973325133323669,0.5374934673309326,-0.0004416520241647959,0.05517899990081787,942.418713092804,435329.0
