,rmse,mae,r2,nasa_score
LinReg,0.007653173059225082,0.006020240020006895,0.9990320801734924,0.34201931953430176
RF,0.010467323507549664,0.005884118762162935,0.9981893789721599,0.32866504418678066
XGBoost,0.0106911426410079,0.00767772551625967,0.9981111288070679,0.42846930027008057
LightGBM,0.010356383121337116,0.007398961820460423,0.9982275561636373,0.41324919533874094
CNN1D,0.0889560729265213,0.07750093936920166,0.8698551058769226,3.835660457611084
BiLSTM,0.005847156513482332,0.004184463061392307,0.999437689781189,0.23044323921203613
TCN,0.024494245648384094,0.02070392295718193,0.9901325702667236,1.0280457735061646
Transformer,0.012735409662127495,0.009544065222144127,0.9973325133323669,0.5374934673309326
